####################################
# SETUP
####################################
CREATE DATABASE statements_digest;
USE statements_digest;
CREATE TABLE t1(a int);
CREATE TABLE t2(a int);
CREATE TABLE t3(a int, b int);
CREATE TABLE t4(a int, b int);
CREATE TABLE t5(a int, b int, c int);
CREATE TABLE t6(a int, b int, c int, d int);
CREATE TABLE t11 (c CHAR(4));
CREATE TABLE t12 (c CHAR(4));
TRUNCATE TABLE performance_schema.events_statements_summary_by_digest;
####################################
# EXECUTION
####################################
SELECT 1 FROM t1;
1
SELECT 1 FROM `t1`;
1
SELECT 1,2 FROM t1;
1	2
SELECT 1, 2, 3, 4 FROM t1;
1	2	3	4
SELECT 1 FROM t2;
1
SELECT 1,2 FROM t2;
1	2
SELECT 1, 2, 3, 4 FROM t2;
1	2	3	4
INSERT INTO t1 VALUES (1);
INSERT INTO t2 VALUES (1);
INSERT INTO t3 VALUES (1, 2);
INSERT INTO t4 VALUES (1, 2);
INSERT INTO t5 VALUES (1, 2, 3);
INSERT INTO t1 VALUES (1), (2), (3);
INSERT INTO t1 VALUES (1), (2), (3), (4);
INSERT INTO t3 VALUES (1, 2), (3, 4), (5, 6);
INSERT INTO t5 VALUES (1, 2, 3), (4, 5, 6), (7, 8, 9);
INSERT INTO t1 VALUES (NULL);
INSERT INTO t3 VALUES (NULL,NULL);
INSERT INTO t3 VALUES (1,NULL);
INSERT INTO t3 VALUES (NULL,1);
INSERT INTO t6 VALUES (NULL, NULL, NULL, NULL);
INSERT INTO t6 VALUES (1, NULL, NULL, NULL);
INSERT INTO t6 VALUES (NULL, 2, NULL, NULL);
INSERT INTO t6 VALUES (1, 2, 3, NULL);
INSERT INTO t6 VALUES (1, 2, NULL, 4);
SELECT                                          1           +        1;
1           +        1
2
SELECT 1;
1
1
SELECT 1 /* This is an inline comment */ + 1;
1 /* This is an inline comment */ + 1
2
SELECT 1+
/*
this is a
multiple-line comment
*/
1;
1+
/*
this is a
multiple-line comment
*/
1
2
CREATE SCHEMA statements_digest_temp;
DROP SCHEMA statements_digest_temp;
CREATE DATABASE statements_digest_temp;
DROP DATABASE statements_digest_temp;
SELECT 1 FROM no_such_table;
ERROR 42S02: Table 'statements_digest.no_such_table' doesn't exist
CREATE TABLE dup_table (c char(4));
CREATE TABLE dup_table (c char(4));
ERROR 42S01: Table 'dup_table' already exists
DROP TABLE dup_table;
INSERT INTO t11 VALUES("MySQL");
Warnings:
Warning	1265	Data truncated for column 'c' at row 1
PREPARE stmt FROM "SELECT * FROM t12";
EXECUTE stmt;
c
EXECUTE stmt;
c
DEALLOCATE PREPARE stmt;
CREATE PROCEDURE p1() BEGIN SELECT * FROM t12; END//
CALL p1();
c
CALL p1();
c
DROP PROCEDURE p1;
CREATE FUNCTION `func`(a INT, b INT) RETURNS int(11) RETURN a+b //
select func(3,4);
func(3,4)
7
select func(13,42);
func(13,42)
55
DROP FUNCTION func;
CREATE TRIGGER trg BEFORE INSERT ON t12 FOR EACH ROW SET @a:=1;
INSERT INTO t12 VALUES ("abc");
INSERT INTO t12 VALUES ("def");
DROP TRIGGER trg;
####################################
# QUERYING PS STATEMENT DIGEST
####################################
SELECT SCHEMA_NAME, DIGEST, DIGEST_TEXT, COUNT_STAR, SUM_ROWS_AFFECTED, SUM_WARNINGS,
SUM_ERRORS FROM performance_schema.events_statements_summary_by_digest;
SCHEMA_NAME	DIGEST	DIGEST_TEXT	COUNT_STAR	SUM_ROWS_AFFECTED	SUM_WARNINGS	SUM_ERRORS
statements_digest	354e9ece085f9d17ef47f3ff4683e900	TRUNCATE TABLE performance_schema . events_statements_summary_by_digest 	1	0	0	0
statements_digest	7d6159ae086382a49d0fe572fa185e09	SELECT ? FROM t1 	1	0	0	0
statements_digest	20d0452ef6f784687f18d54bdec4f3bf	SELECT ? FROM `t1` 	1	0	0	0
statements_digest	d240067bc63acc26cb74003615b53436	SELECT ?, ... FROM t1 	2	0	0	0
statements_digest	50d7e3485497b3a6e348d465db04e523	SELECT ? FROM t2 	1	0	0	0
statements_digest	5baac1b3d6dbdc82600989108a747da0	SELECT ?, ... FROM t2 	2	0	0	0
statements_digest	708220893b7e6842f6375137066b03db	INSERT INTO t1 VALUES (?) 	1	1	0	0
statements_digest	8b18c60b5f8f2575ad128938a4982825	INSERT INTO t2 VALUES (?) 	1	1	0	0
statements_digest	9dfea71bcb1e6f99c43861297b36c89d	INSERT INTO t3 VALUES (...) 	4	4	0	0
statements_digest	10c5ad362af6dc45bb9ee675775e2290	INSERT INTO t4 VALUES (...) 	1	1	0	0
statements_digest	66568ba3e758b2c1d8a8f007dec5b167	INSERT INTO t5 VALUES (...) 	1	1	0	0
statements_digest	0f19af96d341be5bad78f8aff74e2814	INSERT INTO t1 VALUES (?) /* , ... */ 	2	7	0	0
statements_digest	e28e6f42ea94ecb6ea7c7b75ad00ac78	INSERT INTO t3 VALUES (...) /* , ... */ 	1	3	0	0
statements_digest	7ea0d84be32f19657eaa4244e2eacb17	INSERT INTO t5 VALUES (...) /* , ... */ 	1	3	0	0
statements_digest	4276e6ffd425c37239c1fee1cf73143a	INSERT INTO t1 VALUES ( NULL ) 	1	1	0	0
statements_digest	fea8ae550604d51e851a6ce288996597	INSERT INTO t6 VALUES (...) 	5	5	0	0
statements_digest	c7d334d622f7239414706469af7666bf	SELECT ? + ? 	3	0	0	0
statements_digest	e3795d8811c3a7c7c837694d9981c9ac	SELECT ? 	1	0	0	0
statements_digest	3b085ab0d2063dfca1a39212e3ea1831	CREATE SCHEMA statements_digest_temp 	2	2	0	0
statements_digest	09f9fabef2feb9a54ba01455e5ae83b9	DROP SCHEMA statements_digest_temp 	2	0	0	0
statements_digest	38092c9b1225b73d98e999e7148c33a9	SELECT ? FROM no_such_table 	1	0	0	1
statements_digest	8179089a536deb0da25fbb1fd8021c7b	CREATE TABLE dup_table ( c CHARACTER (?) ) 	2	0	0	1
statements_digest	f9961df18d45c163b8426e2a208dbfde	DROP TABLE dup_table 	1	0	0	0
statements_digest	839f247328709910b0f90f4586a7a8d0	INSERT INTO t11 VALUES (?) 	1	1	1	0
statements_digest	dc5646a5fe6241e9b5ac6484d77116c7	SHOW WARNINGS 	1	0	0	0
statements_digest	6ca43ad33c5069e77775d2a9ffee0902	PREPARE stmt FROM ? 	1	0	0	0
statements_digest	3ab1e87eabd9688edf919754cce6348b	EXECUTE stmt 	2	0	0	0
statements_digest	decb49803e65362775237cc1fc29505b	DEALLOCATE PREPARE stmt 	1	0	0	0
statements_digest	1e2148741b6cdb995100ad09ef7a0547	CREATE PROCEDURE p1 ( ) BEGIN SELECT * FROM t12 ; END 	1	0	0	0
statements_digest	e58546d78a966f2323cd92a256346c25	CALL p1 ( ) 	2	0	0	0
statements_digest	b70324f0721ea00e61fc724604aaafd9	DROP PROCEDURE p1 	1	0	0	0
statements_digest	56e7586715484a1586caf55c753f3cb0	CREATE FUNCTION `func` ( a INTEGER , b INTEGER ) RETURNS INTEGER (?) RETURN a + b 	1	0	0	0
statements_digest	3e1f7dd1885fc1f877563fffbc9f3e8e	SELECT func (...) 	2	0	0	0
statements_digest	0b5a5297689c5036def6af8e8a8ce113	DROP FUNCTION func 	1	0	0	0
statements_digest	7f1b8c29fa7ba11dde25ff5c2a4bef35	CREATE TRIGGER trg BEFORE INSERT ON t12 FOR EACH ROW SET @ ? := ? 	1	0	0	0
statements_digest	f9e0beae56db9fd5e01fadcdd57a6cb7	INSERT INTO t12 VALUES (?) 	2	2	0	0
statements_digest	7ca935044fcf88b33f6c6f5ffb167786	DROP TRIGGER trg 	1	0	0	0
####################################
# CLEANUP
####################################
DROP TABLE IF EXISTS t1;
DROP TABLE IF EXISTS t2;
DROP TABLE IF EXISTS t3;
DROP TABLE IF EXISTS t4;
DROP TABLE IF EXISTS t5;
DROP TABLE IF EXISTS t6;
DROP TABLE IF EXISTS t11;
DROP TABLE IF EXISTS t12;
DROP DATABASE IF EXISTS statements_digest;
